[{"period":"20250325-132917805","number":3,"big_small":"small","color":"red"},{"period":"20250325-132758762","number":6,"big_small":"big","color":"violet"},{"period":"20250325-132758327","number":5,"big_small":"small","color":"green"},{"period":"20250325-132723702","number":4,"big_small":"small","color":"red"},{"period":"20250325-131459842","number":10,"big_small":"big","color":"red"},{"period":"20250325-131449314","number":2,"big_small":"small","color":"green"},{"period":"20250325-131437953","number":8,"big_small":"big","color":"green"},{"period":"20250325-131426629","number":7,"big_small":"big","color":"red"},{"period":"20250325-131416613","number":2,"big_small":"small","color":"green"},{"period":"20250325-131406112","number":10,"big_small":"big","color":"red"},{"period":"20250325-131356924","number":3,"big_small":"small","color":"green"},{"period":"20250325-131312484","number":5,"big_small":"small","color":"violet"},{"period":"20250325-131301795","number":7,"big_small":"big","color":"green"},{"period":"20250325-131301345","number":3,"big_small":"small","color":"violet"},{"period":"20250325-131251412","number":9,"big_small":"big","color":"green"},{"period":"20250325-131249567","number":1,"big_small":"small","color":"red"},{"period":"20250325-131249981","number":8,"big_small":"big","color":"green"},{"period":"20250325-131248156","number":1,"big_small":"small","color":"red"},{"period":"20250325-131243794","number":5,"big_small":"small","color":"red"},{"period":"20250325-131233465","number":2,"big_small":"small","color":"red"},{"period":"20250325-131223373","number":6,"big_small":"big","color":"green"},{"period":"20250325-131213799","number":6,"big_small":"big","color":"red"},{"period":"20250325-131207777","number":5,"big_small":"small","color":"violet"},{"period":"20250325-131207810","number":1,"big_small":"small","color":"violet"},{"period":"20250325-131156310","number":6,"big_small":"big","color":"green"},{"period":"20250325-131156713","number":8,"big_small":"big","color":"green"},{"period":"20250325-131137739","number":8,"big_small":"big","color":"green"},{"period":"20250322-100052108","number":3,"big_small":"Small","color":"Green"},{"period":"20250322-100054107","number":6,"big_small":"Big","color":"Red"},{"period":"20250322-100052016","number":1,"big_small":"Small","color":"Green"},{"period":"20250322-100052015","number":2,"big_small":"Small","color":"Red"},{"period":"20250322-100052014","number":0,"big_small":"Small","color":"Violet"}]